{   
    "initial_pose": [-1.0, -0.78, 0.1],
    "goals": [
        [10.2, -0.85], 
        [8.7, -0.85], 
        [16.07, -0.88], 
        [26.37, -0.79],
        [23.07, -0.79],
        [3.0, -0.78],
        [1.3, -0.86], 
        [6.0, -0.9],
        [12.3, -0.72], 
        [4.0, -0.9],

        [25.87, 1.157], 
        [15.5, 1.1799], 
        [10.87, 1.108], 
        [5.83, 1.1],
        [3.83, 1.1],
        [0.83, 1.1],

        [15.39, 3.402],
        [25.04, 3.2302],
        [1.455771, 2.793003],

        [10.346, 5.776],
        [20.46, 5.157],
        [26.66, 5.82],
        [1.3, 4.56],

        [26.166, 7.736],
        [13.42, 7.646],
        [13.42, 7.646],
        [1.45, 6.58]

    ],
    "poses": [
        [3.0, -0.78, 0.031],
        [1.3, -0.86, -0.022], 
        [6.0, -0.9, 0.031],
        [12.3, -0.72, 0.022], 
        [4.0, -0.9, 0.031],
        [10.2, -0.85, -3.141], 
        [8.7, -0.85, -3.041], 
        [16.07, -0.88, -3.141], 
        [26.37, -0.788, -3.021],
        [23.07, -0.791, -3.141],

        [5.83, 1.1, 0.031],
        [3.83, 1.1, -0.031],
        [0.83, 1.1, 0.031],
        [25.87, 1.157, -3.041], 
        [15.5, 1.1799, -3.041], 
        [10.87, 1.108, -3.041], 

        [1.455771, 2.793003, 0.09],
        [15.04, 3.402, 0.03],
        [25.04, 3.2302, -3.24],

        [1.3, 4.56, 0.06],
        [10.346, 5.776, -0.1],
        [11.346, 5.676, -0.07],
        [26.66, 5.82, -3.2],

        [13.42, 7.646, -0.09],
        [26.166, 7.736, -3.09],
        [1.45, 6.58, 0.08],
        [23.74, 7.32, -3.1]

    ]
}
