{
	"initial_pose": [0.0, 10.5, -1.57],
	"goals": [[0.0, -9.5]],
	"poses": [[0.0, 10.5, -1.57]],
	"plants_row": [
		[-1.1369385234313862, -11.080319365420111],
		[-0.8644572925408824, -9.93029210103936],
		[-1.115042126006718, -8.856068931498909],
		[-0.8541056318171747, -7.995266571479213],
		[-1.0050905847501796, -6.985578568759601],
		[-0.9517193566263398, -5.816365453554966],
		[-1.1097147019836553, -4.95022545397924],
		[-1.0301929645006078, -4.021959288023347],
		[-1.0301929645006078, -4.021959288023347],
		[-1.1939808761895692, -1.992474133626474],
		[-1.1179000804935264, -0.9878934820602444],
		[-0.9689487845746906, 0.18013546688203375],
		[-0.8880424155010905, 0.9101693516476658],
		[-0.9383755524190621, 1.9804813983698373]
	]
}
