{
    "initial_pose": [1.0, 1.0, 0.0],
    "goals": [[21.0, 1.2]],
    "poses": [[1.0, 1.0, 0.0]],
    "plants_row1": [
        [0.466, 1.728080],
        [3.869340, 1.790690],
        [9.333360, 1.851210],
        [14.687500, 1.877170],
        [18.487500, 1.801890],
        [21.808900, 2.172000],
        [26.798700, 2.019780]
            ],
    "plants_row2": [
        [0.661126, 0.250290],
        [4.576040, 0.167922],
        [8.988580, -0.012976],
        [14.595200, -0.049109],
        [18.212900, 0.059348],
        [21.479300, 0.248639],
        [27.227200, 0.215427]
    ]
}

